{"cameraMode":{"drawMode":0,"name":"Shaded","section":"Shading Mode"},"sceneLighting":true,"audioPlay":false,"sceneViewState":{"showFog":true,"showMaterialUpdate":false,"showSkybox":true,"showFlares":true,"showImageEffects":true,"showParticleSystems":true},"in2DMode":false,"pivot":{"x":-5.968270301818848,"y":-2.6473028659820558,"z":-3.07458233833313},"rotation":{"x":-0.12824279069900514,"y":0.7444435358047485,"z":-0.14956603944301606,"w":-0.6380112171173096},"size":9.499691009521485,"orthographic":false}